customer,orders,revenue,active,signup_date,last_seen,notes
Acme,1,49.5,true,2024-01-01,2025-01-01T00:00:00.000000,priority
Beta,8,66.85,false,2024-02-02,2025-02-02T01:07:00.000000,""
Gamma,15,84.2,,2024-03-03,2025-03-03T02:14:00.000000,upsell candidate
Delta,22,101.55,true,2024-04-04,2025-01-04T03:21:00.000000,new
Echo,29,118.9,false,2024-05-05,2025-02-05T04:28:00.000000,
Foxtrot,36,137.35,,2024-06-06,2025-03-06T05:35:00.000000,follow-up
Helix,6,154.7,true,2024-07-07,2025-01-07T06:42:00.000000,priority
Iota,13,172.05,false,2024-08-08,2025-02-08T07:49:00.000000,""
Acme,20,189.4,,2024-09-09,2025-03-09T08:56:00.000000,upsell candidate
Beta,27,206.75,true,2024-10-10,2025-01-10T09:03:00.000000,new
Gamma,34,225.2,false,2024-11-11,2025-02-11T10:10:00.000000,
Delta,4,242.55,,2024-12-12,2025-03-12T11:17:00.000000,follow-up
Echo,11,259.9,true,2024-01-13,2025-01-13T12:24:00.000000,priority
Foxtrot,18,277.25,false,2024-02-14,2025-02-14T13:31:00.000000,""
Helix,25,294.6,,2024-03-15,2025-03-15T14:38:00.000000,upsell candidate
Iota,32,313.05,true,2024-04-16,2025-01-16T15:45:00.000000,new
Acme,2,330.4,false,2024-05-17,2025-02-17T16:52:00.000000,
Beta,9,347.75,,2024-06-18,2025-03-18T17:59:00.000000,follow-up
Gamma,16,365.1,true,2024-07-19,2025-01-19T18:06:00.000000,priority
Delta,23,382.45,false,2024-08-20,2025-02-20T19:13:00.000000,""
Echo,30,400.9,,2024-09-21,2025-03-21T20:20:00.000000,upsell candidate
Foxtrot,37,418.25,true,2024-10-22,2025-01-22T21:27:00.000000,new
Helix,7,435.6,false,2024-11-23,2025-02-23T22:34:00.000000,
Iota,14,53.9,,2024-12-24,2025-03-24T23:41:00.000000,follow-up
Acme,21,71.25,true,2024-01-25,2025-01-25T00:48:00.000000,priority
Beta,28,89.7,false,2024-02-26,2025-02-26T01:55:00.000000,""
Gamma,35,107.05,,2024-03-27,2025-03-27T02:02:00.000000,upsell candidate
Delta,5,124.4,true,2024-04-01,2025-01-01T03:09:00.000000,new
Echo,12,141.75,false,2024-05-02,2025-02-02T04:16:00.000000,
Foxtrot,19,159.1,,2024-06-03,2025-03-03T05:23:00.000000,follow-up
Helix,26,177.55,true,2024-07-04,2025-01-04T06:30:00.000000,priority
Iota,33,194.9,false,2024-08-05,2025-02-05T07:37:00.000000,""
Acme,3,212.25,,2024-09-06,2025-03-06T08:44:00.000000,upsell candidate
Beta,10,229.6,true,2024-10-07,2025-01-07T09:51:00.000000,new
Gamma,17,246.95,false,2024-11-08,2025-02-08T10:58:00.000000,
Delta,24,265.4,,2024-12-09,2025-03-09T11:05:00.000000,follow-up
Echo,31,282.75,true,2024-01-10,2025-01-10T12:12:00.000000,priority
Foxtrot,1,300.1,false,2024-02-11,2025-02-11T13:19:00.000000,""
Helix,8,317.45,,2024-03-12,2025-03-12T14:26:00.000000,upsell candidate
Iota,15,334.8,true,2024-04-13,2025-01-13T15:33:00.000000,new
Acme,22,353.25,false,2024-05-14,2025-02-14T16:40:00.000000,
Beta,29,370.6,,2024-06-15,2025-03-15T17:47:00.000000,follow-up
Gamma,36,387.95,true,2024-07-16,2025-01-16T18:54:00.000000,priority
Delta,6,405.3,false,2024-08-17,2025-02-17T19:01:00.000000,""
Echo,13,422.65,,2024-09-18,2025-03-18T20:08:00.000000,upsell candidate
Foxtrot,20,441.1,true,2024-10-19,2025-01-19T21:15:00.000000,new
Helix,27,59.4,false,2024-11-20,2025-02-20T22:22:00.000000,
Iota,34,76.75,,2024-12-21,2025-03-21T23:29:00.000000,follow-up
Acme,4,94.1,true,2024-01-22,2025-01-22T00:36:00.000000,priority
Beta,11,111.45,false,2024-02-23,2025-02-23T01:43:00.000000,""
Gamma,18,129.9,,2024-03-24,2025-03-24T02:50:00.000000,upsell candidate
Delta,25,147.25,true,2024-04-25,2025-01-25T03:57:00.000000,new
Echo,32,164.6,false,2024-05-26,2025-02-26T04:04:00.000000,
Foxtrot,2,181.95,,2024-06-27,2025-03-27T05:11:00.000000,follow-up
Helix,9,199.3,true,2024-07-01,2025-01-01T06:18:00.000000,priority
Iota,16,217.75,false,2024-08-02,2025-02-02T07:25:00.000000,""
Acme,23,235.1,,2024-09-03,2025-03-03T08:32:00.000000,upsell candidate
Beta,30,252.45,true,2024-10-04,2025-01-04T09:39:00.000000,new
Gamma,37,269.8,false,2024-11-05,2025-02-05T10:46:00.000000,
Delta,7,287.15,,2024-12-06,2025-03-06T11:53:00.000000,follow-up
Echo,14,305.6,true,2024-01-07,2025-01-07T12:00:00.000000,priority
Foxtrot,21,322.95,false,2024-02-08,2025-02-08T13:07:00.000000,""
Helix,28,340.3,,2024-03-09,2025-03-09T14:14:00.000000,upsell candidate
Iota,35,357.65,true,2024-04-10,2025-01-10T15:21:00.000000,new
Acme,5,375.0,false,2024-05-11,2025-02-11T16:28:00.000000,
Beta,12,393.45,,2024-06-12,2025-03-12T17:35:00.000000,follow-up
Gamma,19,410.8,true,2024-07-13,2025-01-13T18:42:00.000000,priority
Delta,26,428.15,false,2024-08-14,2025-02-14T19:49:00.000000,""
Echo,33,445.5,,2024-09-15,2025-03-15T20:56:00.000000,upsell candidate
Foxtrot,3,63.8,true,2024-10-16,2025-01-16T21:03:00.000000,new
Helix,10,82.25,false,2024-11-17,2025-02-17T22:10:00.000000,
Iota,17,99.6,,2024-12-18,2025-03-18T23:17:00.000000,follow-up
Acme,24,116.95,true,2024-01-19,2025-01-19T00:24:00.000000,priority
Beta,31,134.3,false,2024-02-20,2025-02-20T01:31:00.000000,""
Gamma,1,151.65,,2024-03-21,2025-03-21T02:38:00.000000,upsell candidate
Delta,8,170.1,true,2024-04-22,2025-01-22T03:45:00.000000,new
Echo,15,187.45,false,2024-05-23,2025-02-23T04:52:00.000000,
Foxtrot,22,204.8,,2024-06-24,2025-03-24T05:59:00.000000,follow-up
Helix,29,222.15,true,2024-07-25,2025-01-25T06:06:00.000000,priority
Iota,36,239.5,false,2024-08-26,2025-02-26T07:13:00.000000,""
Acme,6,257.95,,2024-09-27,2025-03-27T08:20:00.000000,upsell candidate
Beta,13,275.3,true,2024-10-01,2025-01-01T09:27:00.000000,new
Gamma,20,292.65,false,2024-11-02,2025-02-02T10:34:00.000000,
Delta,27,310.0,,2024-12-03,2025-03-03T11:41:00.000000,follow-up
Echo,34,327.35,true,2024-01-04,2025-01-04T12:48:00.000000,priority
Foxtrot,4,345.8,false,2024-02-05,2025-02-05T13:55:00.000000,""
Helix,11,363.15,,2024-03-06,2025-03-06T14:02:00.000000,upsell candidate
Iota,18,380.5,true,2024-04-07,2025-01-07T15:09:00.000000,new
Acme,25,397.85,false,2024-05-08,2025-02-08T16:16:00.000000,
Beta,32,415.2,,2024-06-09,2025-03-09T17:23:00.000000,follow-up
Gamma,2,433.65,true,2024-07-10,2025-01-10T18:30:00.000000,priority
Delta,9,451.0,false,2024-08-11,2025-02-11T19:37:00.000000,""
Echo,16,69.3,,2024-09-12,2025-03-12T20:44:00.000000,upsell candidate
Foxtrot,23,86.65,true,2024-10-13,2025-01-13T21:51:00.000000,new
Helix,30,104.0,false,2024-11-14,2025-02-14T22:58:00.000000,
Iota,37,122.45,,2024-12-15,2025-03-15T23:05:00.000000,follow-up
Acme,7,139.8,true,2024-01-16,2025-01-16T00:12:00.000000,priority
Beta,14,157.15,false,2024-02-17,2025-02-17T01:19:00.000000,""
Gamma,21,174.5,,2024-03-18,2025-03-18T02:26:00.000000,upsell candidate
Delta,28,191.85,true,2024-04-19,2025-01-19T03:33:00.000000,new
Echo,35,210.3,false,2024-05-20,2025-02-20T04:40:00.000000,
Foxtrot,5,227.65,,2024-06-21,2025-03-21T05:47:00.000000,follow-up
Helix,12,245.0,true,2024-07-22,2025-01-22T06:54:00.000000,priority
Iota,19,262.35,false,2024-08-23,2025-02-23T07:01:00.000000,""
Acme,26,279.7,,2024-09-24,2025-03-24T08:08:00.000000,upsell candidate
Beta,33,298.15,true,2024-10-25,2025-01-25T09:15:00.000000,new
Gamma,3,315.5,false,2024-11-26,2025-02-26T10:22:00.000000,
Delta,10,332.85,,2024-12-27,2025-03-27T11:29:00.000000,follow-up
Echo,17,350.2,true,2024-01-01,2025-01-01T12:36:00.000000,priority
Foxtrot,24,367.55,false,2024-02-02,2025-02-02T13:43:00.000000,""
Helix,31,386.0,,2024-03-03,2025-03-03T14:50:00.000000,upsell candidate
Iota,1,403.35,true,2024-04-04,2025-01-04T15:57:00.000000,new
Acme,8,420.7,false,2024-05-05,2025-02-05T16:04:00.000000,
Beta,15,438.05,,2024-06-06,2025-03-06T17:11:00.000000,follow-up
Gamma,22,455.4,true,2024-07-07,2025-01-07T18:18:00.000000,priority
Delta,29,74.8,false,2024-08-08,2025-02-08T19:25:00.000000,""
Echo,36,92.15,,2024-09-09,2025-03-09T20:32:00.000000,upsell candidate
Foxtrot,6,109.5,true,2024-10-10,2025-01-10T21:39:00.000000,new
Helix,13,126.85,false,2024-11-11,2025-02-11T22:46:00.000000,
Iota,20,144.2,,2024-12-12,2025-03-12T23:53:00.000000,follow-up
Acme,27,162.65,true,2024-01-13,2025-01-13T00:00:00.000000,priority
Beta,34,180.0,false,2024-02-14,2025-02-14T01:07:00.000000,""
Gamma,4,197.35,,2024-03-15,2025-03-15T02:14:00.000000,upsell candidate
Delta,11,214.7,true,2024-04-16,2025-01-16T03:21:00.000000,new
Echo,18,232.05,false,2024-05-17,2025-02-17T04:28:00.000000,
Foxtrot,25,250.5,,2024-06-18,2025-03-18T05:35:00.000000,follow-up
Helix,32,267.85,true,2024-07-19,2025-01-19T06:42:00.000000,priority
Iota,2,285.2,false,2024-08-20,2025-02-20T07:49:00.000000,""
Acme,9,302.55,,2024-09-21,2025-03-21T08:56:00.000000,upsell candidate
Beta,16,319.9,true,2024-10-22,2025-01-22T09:03:00.000000,new
Gamma,23,338.35,false,2024-11-23,2025-02-23T10:10:00.000000,
Delta,30,355.7,,2024-12-24,2025-03-24T11:17:00.000000,follow-up
Echo,37,373.05,true,2024-01-25,2025-01-25T12:24:00.000000,priority
Foxtrot,7,390.4,false,2024-02-26,2025-02-26T13:31:00.000000,""
Helix,14,407.75,,2024-03-27,2025-03-27T14:38:00.000000,upsell candidate
Iota,21,426.2,true,2024-04-01,2025-01-01T15:45:00.000000,new
Acme,28,443.55,false,2024-05-02,2025-02-02T16:52:00.000000,
Beta,35,460.9,,2024-06-03,2025-03-03T17:59:00.000000,follow-up
Gamma,5,79.2,true,2024-07-04,2025-01-04T18:06:00.000000,priority
Delta,12,96.55,false,2024-08-05,2025-02-05T19:13:00.000000,""
Echo,19,115.0,,2024-09-06,2025-03-06T20:20:00.000000,upsell candidate
Foxtrot,26,132.35,true,2024-10-07,2025-01-07T21:27:00.000000,new
Helix,33,149.7,false,2024-11-08,2025-02-08T22:34:00.000000,
Iota,3,167.05,,2024-12-09,2025-03-09T23:41:00.000000,follow-up
Acme,10,184.4,true,2024-01-10,2025-01-10T00:48:00.000000,priority
Beta,17,202.85,false,2024-02-11,2025-02-11T01:55:00.000000,""
Gamma,24,220.2,,2024-03-12,2025-03-12T02:02:00.000000,upsell candidate
Delta,31,237.55,true,2024-04-13,2025-01-13T03:09:00.000000,new
Echo,1,254.9,false,2024-05-14,2025-02-14T04:16:00.000000,
Foxtrot,8,272.25,,2024-06-15,2025-03-15T05:23:00.000000,follow-up
Helix,15,290.7,true,2024-07-16,2025-01-16T06:30:00.000000,priority
Iota,22,308.05,false,2024-08-17,2025-02-17T07:37:00.000000,""
Acme,29,325.4,,2024-09-18,2025-03-18T08:44:00.000000,upsell candidate
Beta,36,342.75,true,2024-10-19,2025-01-19T09:51:00.000000,new
Gamma,6,360.1,false,2024-11-20,2025-02-20T10:58:00.000000,
Delta,13,378.55,,2024-12-21,2025-03-21T11:05:00.000000,follow-up
Echo,20,395.9,true,2024-01-22,2025-01-22T12:12:00.000000,priority
Foxtrot,27,413.25,false,2024-02-23,2025-02-23T13:19:00.000000,""
Helix,34,430.6,,2024-03-24,2025-03-24T14:26:00.000000,upsell candidate
Iota,4,447.95,true,2024-04-25,2025-01-25T15:33:00.000000,new
Acme,11,466.4,false,2024-05-26,2025-02-26T16:40:00.000000,
Beta,18,84.7,,2024-06-27,2025-03-27T17:47:00.000000,follow-up
Gamma,25,102.05,true,2024-07-01,2025-01-01T18:54:00.000000,priority
Delta,32,119.4,false,2024-08-02,2025-02-02T19:01:00.000000,""
Echo,2,136.75,,2024-09-03,2025-03-03T20:08:00.000000,upsell candidate
Foxtrot,9,155.2,true,2024-10-04,2025-01-04T21:15:00.000000,new
Helix,16,172.55,false,2024-11-05,2025-02-05T22:22:00.000000,
Iota,23,189.9,,2024-12-06,2025-03-06T23:29:00.000000,follow-up
Acme,30,207.25,true,2024-01-07,2025-01-07T00:36:00.000000,priority
Beta,37,224.6,false,2024-02-08,2025-02-08T01:43:00.000000,""
Gamma,7,243.05,,2024-03-09,2025-03-09T02:50:00.000000,upsell candidate
Delta,14,260.4,true,2024-04-10,2025-01-10T03:57:00.000000,new
Echo,21,277.75,false,2024-05-11,2025-02-11T04:04:00.000000,
Foxtrot,28,295.1,,2024-06-12,2025-03-12T05:11:00.000000,follow-up
Helix,35,312.45,true,2024-07-13,2025-01-13T06:18:00.000000,priority
Iota,5,330.9,false,2024-08-14,2025-02-14T07:25:00.000000,""
Acme,12,348.25,,2024-09-15,2025-03-15T08:32:00.000000,upsell candidate
Beta,19,365.6,true,2024-10-16,2025-01-16T09:39:00.000000,new
Gamma,26,382.95,false,2024-11-17,2025-02-17T10:46:00.000000,
Delta,33,400.3,,2024-12-18,2025-03-18T11:53:00.000000,follow-up
Echo,3,418.75,true,2024-01-19,2025-01-19T12:00:00.000000,priority
Foxtrot,10,436.1,false,2024-02-20,2025-02-20T13:07:00.000000,""
Helix,17,453.45,,2024-03-21,2025-03-21T14:14:00.000000,upsell candidate
Iota,24,470.8,true,2024-04-22,2025-01-22T15:21:00.000000,new
Acme,31,89.1,false,2024-05-23,2025-02-23T16:28:00.000000,
Beta,1,107.55,,2024-06-24,2025-03-24T17:35:00.000000,follow-up
Gamma,8,124.9,true,2024-07-25,2025-01-25T18:42:00.000000,priority
Delta,15,142.25,false,2024-08-26,2025-02-26T19:49:00.000000,""
Echo,22,159.6,,2024-09-27,2025-03-27T20:56:00.000000,upsell candidate
Foxtrot,29,176.95,true,2024-10-01,2025-01-01T21:03:00.000000,new
Helix,36,195.4,false,2024-11-02,2025-02-02T22:10:00.000000,
Iota,6,212.75,,2024-12-03,2025-03-03T23:17:00.000000,follow-up
Acme,13,230.1,true,2024-01-04,2025-01-04T00:24:00.000000,priority
Beta,20,247.45,false,2024-02-05,2025-02-05T01:31:00.000000,""
Gamma,27,264.8,,2024-03-06,2025-03-06T02:38:00.000000,upsell candidate
Delta,34,283.25,true,2024-04-07,2025-01-07T03:45:00.000000,new
Echo,4,300.6,false,2024-05-08,2025-02-08T04:52:00.000000,
Foxtrot,11,317.95,,2024-06-09,2025-03-09T05:59:00.000000,follow-up
Helix,18,335.3,true,2024-07-10,2025-01-10T06:06:00.000000,priority
Iota,25,352.65,false,2024-08-11,2025-02-11T07:13:00.000000,""
Acme,32,371.1,,2024-09-12,2025-03-12T08:20:00.000000,upsell candidate
Beta,2,388.45,true,2024-10-13,2025-01-13T09:27:00.000000,new
Gamma,9,405.8,false,2024-11-14,2025-02-14T10:34:00.000000,
Delta,16,423.15,,2024-12-15,2025-03-15T11:41:00.000000,follow-up
Echo,23,440.5,true,2024-01-16,2025-01-16T12:48:00.000000,priority
Foxtrot,30,458.95,false,2024-02-17,2025-02-17T13:55:00.000000,""
Helix,37,476.3,,2024-03-18,2025-03-18T14:02:00.000000,upsell candidate
Iota,7,94.6,true,2024-04-19,2025-01-19T15:09:00.000000,new
Acme,14,111.95,false,2024-05-20,2025-02-20T16:16:00.000000,
Beta,21,129.3,,2024-06-21,2025-03-21T17:23:00.000000,follow-up
Gamma,28,147.75,true,2024-07-22,2025-01-22T18:30:00.000000,priority
Delta,35,165.1,false,2024-08-23,2025-02-23T19:37:00.000000,""
Echo,5,182.45,,2024-09-24,2025-03-24T20:44:00.000000,upsell candidate
Foxtrot,12,199.8,true,2024-10-25,2025-01-25T21:51:00.000000,new
Helix,19,217.15,false,2024-11-26,2025-02-26T22:58:00.000000,
Iota,26,235.6,,2024-12-27,2025-03-27T23:05:00.000000,follow-up
Acme,33,252.95,true,2024-01-01,2025-01-01T00:12:00.000000,priority
Beta,3,270.3,false,2024-02-02,2025-02-02T01:19:00.000000,""
Gamma,10,287.65,,2024-03-03,2025-03-03T02:26:00.000000,upsell candidate
Delta,17,305.0,true,2024-04-04,2025-01-04T03:33:00.000000,new
Echo,24,323.45,false,2024-05-05,2025-02-05T04:40:00.000000,
Foxtrot,31,340.8,,2024-06-06,2025-03-06T05:47:00.000000,follow-up
Helix,1,358.15,true,2024-07-07,2025-01-07T06:54:00.000000,priority
Iota,8,375.5,false,2024-08-08,2025-02-08T07:01:00.000000,""
Acme,15,392.85,,2024-09-09,2025-03-09T08:08:00.000000,upsell candidate
Beta,22,411.3,true,2024-10-10,2025-01-10T09:15:00.000000,new
Gamma,29,428.65,false,2024-11-11,2025-02-11T10:22:00.000000,
Delta,36,446.0,,2024-12-12,2025-03-12T11:29:00.000000,follow-up
Echo,6,463.35,true,2024-01-13,2025-01-13T12:36:00.000000,priority
Foxtrot,13,480.7,false,2024-02-14,2025-02-14T13:43:00.000000,""
Helix,20,100.1,,2024-03-15,2025-03-15T14:50:00.000000,upsell candidate
Iota,27,117.45,true,2024-04-16,2025-01-16T15:57:00.000000,new
Acme,34,134.8,false,2024-05-17,2025-02-17T16:04:00.000000,
Beta,4,152.15,,2024-06-18,2025-03-18T17:11:00.000000,follow-up
Gamma,11,169.5,true,2024-07-19,2025-01-19T18:18:00.000000,priority
Delta,18,187.95,false,2024-08-20,2025-02-20T19:25:00.000000,""
Echo,25,205.3,,2024-09-21,2025-03-21T20:32:00.000000,upsell candidate
Foxtrot,32,222.65,true,2024-10-22,2025-01-22T21:39:00.000000,new
Helix,2,240.0,false,2024-11-23,2025-02-23T22:46:00.000000,
Iota,9,257.35,,2024-12-24,2025-03-24T23:53:00.000000,follow-up
Acme,16,275.8,true,2024-01-25,2025-01-25T00:00:00.000000,priority
Beta,23,293.15,false,2024-02-26,2025-02-26T01:07:00.000000,""
Gamma,30,310.5,,2024-03-27,2025-03-27T02:14:00.000000,upsell candidate
Delta,37,327.85,true,2024-04-01,2025-01-01T03:21:00.000000,new
Echo,7,345.2,false,2024-05-02,2025-02-02T04:28:00.000000,
Foxtrot,14,363.65,,2024-06-03,2025-03-03T05:35:00.000000,follow-up
Helix,21,381.0,true,2024-07-04,2025-01-04T06:42:00.000000,priority
Iota,28,398.35,false,2024-08-05,2025-02-05T07:49:00.000000,""
Acme,35,415.7,,2024-09-06,2025-03-06T08:56:00.000000,upsell candidate
Beta,5,433.05,true,2024-10-07,2025-01-07T09:03:00.000000,new
Gamma,12,451.5,false,2024-11-08,2025-02-08T10:10:00.000000,
Delta,19,468.85,,2024-12-09,2025-03-09T11:17:00.000000,follow-up
Echo,26,486.2,true,2024-01-10,2025-01-10T12:24:00.000000,priority
Foxtrot,33,104.5,false,2024-02-11,2025-02-11T13:31:00.000000,""
Helix,3,121.85,,2024-03-12,2025-03-12T14:38:00.000000,upsell candidate
Iota,10,140.3,true,2024-04-13,2025-01-13T15:45:00.000000,new
Acme,17,157.65,false,2024-05-14,2025-02-14T16:52:00.000000,
Beta,24,175.0,,2024-06-15,2025-03-15T17:59:00.000000,follow-up
Gamma,31,192.35,true,2024-07-16,2025-01-16T18:06:00.000000,priority
Delta,1,209.7,false,2024-08-17,2025-02-17T19:13:00.000000,""
Echo,8,228.15,,2024-09-18,2025-03-18T20:20:00.000000,upsell candidate
Foxtrot,15,245.5,true,2024-10-19,2025-01-19T21:27:00.000000,new
Helix,22,262.85,false,2024-11-20,2025-02-20T22:34:00.000000,
Iota,29,280.2,,2024-12-21,2025-03-21T23:41:00.000000,follow-up
Acme,36,297.55,true,2024-01-22,2025-01-22T00:48:00.000000,priority
Beta,6,316.0,false,2024-02-23,2025-02-23T01:55:00.000000,""
Gamma,13,333.35,,2024-03-24,2025-03-24T02:02:00.000000,upsell candidate
Delta,20,350.7,true,2024-04-25,2025-01-25T03:09:00.000000,new
Echo,27,368.05,false,2024-05-26,2025-02-26T04:16:00.000000,
Foxtrot,34,385.4,,2024-06-27,2025-03-27T05:23:00.000000,follow-up
Helix,4,403.85,true,2024-07-01,2025-01-01T06:30:00.000000,priority
Iota,11,421.2,false,2024-08-02,2025-02-02T07:37:00.000000,""
Acme,18,438.55,,2024-09-03,2025-03-03T08:44:00.000000,upsell candidate
Beta,25,455.9,true,2024-10-04,2025-01-04T09:51:00.000000,new
Gamma,32,473.25,false,2024-11-05,2025-02-05T10:58:00.000000,
Delta,2,491.7,,2024-12-06,2025-03-06T11:05:00.000000,follow-up
Echo,9,110.0,true,2024-01-07,2025-01-07T12:12:00.000000,priority
Foxtrot,16,127.35,false,2024-02-08,2025-02-08T13:19:00.000000,""
Helix,23,144.7,,2024-03-09,2025-03-09T14:26:00.000000,upsell candidate
Iota,30,162.05,true,2024-04-10,2025-01-10T15:33:00.000000,new
Acme,37,180.5,false,2024-05-11,2025-02-11T16:40:00.000000,
Beta,7,197.85,,2024-06-12,2025-03-12T17:47:00.000000,follow-up
Gamma,14,215.2,true,2024-07-13,2025-01-13T18:54:00.000000,priority
Delta,21,232.55,false,2024-08-14,2025-02-14T19:01:00.000000,""
Echo,28,249.9,,2024-09-15,2025-03-15T20:08:00.000000,upsell candidate
Foxtrot,35,268.35,true,2024-10-16,2025-01-16T21:15:00.000000,new
Helix,5,285.7,false,2024-11-17,2025-02-17T22:22:00.000000,
Iota,12,303.05,,2024-12-18,2025-03-18T23:29:00.000000,follow-up
Acme,19,320.4,true,2024-01-19,2025-01-19T00:36:00.000000,priority
Beta,26,337.75,false,2024-02-20,2025-02-20T01:43:00.000000,""
Gamma,33,356.2,,2024-03-21,2025-03-21T02:50:00.000000,upsell candidate
Delta,3,373.55,true,2024-04-22,2025-01-22T03:57:00.000000,new
Echo,10,390.9,false,2024-05-23,2025-02-23T04:04:00.000000,
Foxtrot,17,408.25,,2024-06-24,2025-03-24T05:11:00.000000,follow-up
Helix,24,425.6,true,2024-07-25,2025-01-25T06:18:00.000000,priority
Iota,31,444.05,false,2024-08-26,2025-02-26T07:25:00.000000,""
Acme,1,461.4,,2024-09-27,2025-03-27T08:32:00.000000,upsell candidate
Beta,8,478.75,true,2024-10-01,2025-01-01T09:39:00.000000,new
Gamma,15,496.1,false,2024-11-02,2025-02-02T10:46:00.000000,
Delta,22,114.4,,2024-12-03,2025-03-03T11:53:00.000000,follow-up
Echo,29,132.85,true,2024-01-04,2025-01-04T12:00:00.000000,priority
Foxtrot,36,150.2,false,2024-02-05,2025-02-05T13:07:00.000000,""
Helix,6,167.55,,2024-03-06,2025-03-06T14:14:00.000000,upsell candidate
Iota,13,184.9,true,2024-04-07,2025-01-07T15:21:00.000000,new
Acme,20,202.25,false,2024-05-08,2025-02-08T16:28:00.000000,
Beta,27,220.7,,2024-06-09,2025-03-09T17:35:00.000000,follow-up
Gamma,34,238.05,true,2024-07-10,2025-01-10T18:42:00.000000,priority
Delta,4,255.4,false,2024-08-11,2025-02-11T19:49:00.000000,""
Echo,11,272.75,,2024-09-12,2025-03-12T20:56:00.000000,upsell candidate
Foxtrot,18,290.1,true,2024-10-13,2025-01-13T21:03:00.000000,new
Helix,25,308.55,false,2024-11-14,2025-02-14T22:10:00.000000,
Iota,32,325.9,,2024-12-15,2025-03-15T23:17:00.000000,follow-up
Acme,2,343.25,true,2024-01-16,2025-01-16T00:24:00.000000,priority
Beta,9,360.6,false,2024-02-17,2025-02-17T01:31:00.000000,""
Gamma,16,377.95,,2024-03-18,2025-03-18T02:38:00.000000,upsell candidate
Delta,23,396.4,true,2024-04-19,2025-01-19T03:45:00.000000,new
Echo,30,413.75,false,2024-05-20,2025-02-20T04:52:00.000000,
Foxtrot,37,431.1,,2024-06-21,2025-03-21T05:59:00.000000,follow-up
Helix,7,448.45,true,2024-07-22,2025-01-22T06:06:00.000000,priority
Iota,14,465.8,false,2024-08-23,2025-02-23T07:13:00.000000,""
Acme,21,484.25,,2024-09-24,2025-03-24T08:20:00.000000,upsell candidate
Beta,28,501.6,true,2024-10-25,2025-01-25T09:27:00.000000,new
Gamma,35,119.9,false,2024-11-26,2025-02-26T10:34:00.000000,
Delta,5,137.25,,2024-12-27,2025-03-27T11:41:00.000000,follow-up
Echo,12,154.6,true,2024-01-01,2025-01-01T12:48:00.000000,priority
Foxtrot,19,173.05,false,2024-02-02,2025-02-02T13:55:00.000000,""
Helix,26,190.4,,2024-03-03,2025-03-03T14:02:00.000000,upsell candidate
Iota,33,207.75,true,2024-04-04,2025-01-04T15:09:00.000000,new
Acme,3,225.1,false,2024-05-05,2025-02-05T16:16:00.000000,
Beta,10,242.45,,2024-06-06,2025-03-06T17:23:00.000000,follow-up
Gamma,17,260.9,true,2024-07-07,2025-01-07T18:30:00.000000,priority
Delta,24,278.25,false,2024-08-08,2025-02-08T19:37:00.000000,""
Echo,31,295.6,,2024-09-09,2025-03-09T20:44:00.000000,upsell candidate
Foxtrot,1,312.95,true,2024-10-10,2025-01-10T21:51:00.000000,new
Helix,8,330.3,false,2024-11-11,2025-02-11T22:58:00.000000,
Iota,15,348.75,,2024-12-12,2025-03-12T23:05:00.000000,follow-up
Acme,22,366.1,true,2024-01-13,2025-01-13T00:12:00.000000,priority
Beta,29,383.45,false,2024-02-14,2025-02-14T01:19:00.000000,""
Gamma,36,400.8,,2024-03-15,2025-03-15T02:26:00.000000,upsell candidate
Delta,6,418.15,true,2024-04-16,2025-01-16T03:33:00.000000,new
Echo,13,436.6,false,2024-05-17,2025-02-17T04:40:00.000000,
Foxtrot,20,453.95,,2024-06-18,2025-03-18T05:47:00.000000,follow-up
Helix,27,471.3,true,2024-07-19,2025-01-19T06:54:00.000000,priority
Iota,34,488.65,false,2024-08-20,2025-02-20T07:01:00.000000,""
Acme,4,506.0,,2024-09-21,2025-03-21T08:08:00.000000,upsell candidate
Beta,11,125.4,true,2024-10-22,2025-01-22T09:15:00.000000,new
Gamma,18,142.75,false,2024-11-23,2025-02-23T10:22:00.000000,
Delta,25,160.1,,2024-12-24,2025-03-24T11:29:00.000000,follow-up
Echo,32,177.45,true,2024-01-25,2025-01-25T12:36:00.000000,priority
Foxtrot,2,194.8,false,2024-02-26,2025-02-26T13:43:00.000000,""
Helix,9,213.25,,2024-03-27,2025-03-27T14:50:00.000000,upsell candidate
Iota,16,230.6,true,2024-04-01,2025-01-01T15:57:00.000000,new
Acme,23,247.95,false,2024-05-02,2025-02-02T16:04:00.000000,
Beta,30,265.3,,2024-06-03,2025-03-03T17:11:00.000000,follow-up
Gamma,37,282.65,true,2024-07-04,2025-01-04T18:18:00.000000,priority
Delta,7,301.1,false,2024-08-05,2025-02-05T19:25:00.000000,""
Echo,14,318.45,,2024-09-06,2025-03-06T20:32:00.000000,upsell candidate
Foxtrot,21,335.8,true,2024-10-07,2025-01-07T21:39:00.000000,new
Helix,28,353.15,false,2024-11-08,2025-02-08T22:46:00.000000,
Iota,35,370.5,,2024-12-09,2025-03-09T23:53:00.000000,follow-up
Acme,5,388.95,true,2024-01-10,2025-01-10T00:00:00.000000,priority
Beta,12,406.3,false,2024-02-11,2025-02-11T01:07:00.000000,""
Gamma,19,423.65,,2024-03-12,2025-03-12T02:14:00.000000,upsell candidate
Delta,26,441.0,true,2024-04-13,2025-01-13T03:21:00.000000,new
Echo,33,458.35,false,2024-05-14,2025-02-14T04:28:00.000000,
Foxtrot,3,476.8,,2024-06-15,2025-03-15T05:35:00.000000,follow-up
Helix,10,494.15,true,2024-07-16,2025-01-16T06:42:00.000000,priority
Iota,17,511.5,false,2024-08-17,2025-02-17T07:49:00.000000,""
Acme,24,129.8,,2024-09-18,2025-03-18T08:56:00.000000,upsell candidate
Beta,31,147.15,true,2024-10-19,2025-01-19T09:03:00.000000,new
Gamma,1,165.6,false,2024-11-20,2025-02-20T10:10:00.000000,
Delta,8,182.95,,2024-12-21,2025-03-21T11:17:00.000000,follow-up
Echo,15,200.3,true,2024-01-22,2025-01-22T12:24:00.000000,priority
Foxtrot,22,217.65,false,2024-02-23,2025-02-23T13:31:00.000000,""
Helix,29,235.0,,2024-03-24,2025-03-24T14:38:00.000000,upsell candidate
Iota,36,253.45,true,2024-04-25,2025-01-25T15:45:00.000000,new
Acme,6,270.8,false,2024-05-26,2025-02-26T16:52:00.000000,
Beta,13,288.15,,2024-06-27,2025-03-27T17:59:00.000000,follow-up
Gamma,20,305.5,true,2024-07-01,2025-01-01T18:06:00.000000,priority
Delta,27,322.85,false,2024-08-02,2025-02-02T19:13:00.000000,""
Echo,34,341.3,,2024-09-03,2025-03-03T20:20:00.000000,upsell candidate
Foxtrot,4,358.65,true,2024-10-04,2025-01-04T21:27:00.000000,new
Helix,11,376.0,false,2024-11-05,2025-02-05T22:34:00.000000,
Iota,18,393.35,,2024-12-06,2025-03-06T23:41:00.000000,follow-up
Acme,25,410.7,true,2024-01-07,2025-01-07T00:48:00.000000,priority
Beta,32,429.15,false,2024-02-08,2025-02-08T01:55:00.000000,""
Gamma,2,446.5,,2024-03-09,2025-03-09T02:02:00.000000,upsell candidate
Delta,9,463.85,true,2024-04-10,2025-01-10T03:09:00.000000,new
Echo,16,481.2,false,2024-05-11,2025-02-11T04:16:00.000000,
Foxtrot,23,498.55,,2024-06-12,2025-03-12T05:23:00.000000,follow-up
Helix,30,517.0,true,2024-07-13,2025-01-13T06:30:00.000000,priority
Iota,37,135.3,false,2024-08-14,2025-02-14T07:37:00.000000,""
Acme,7,152.65,,2024-09-15,2025-03-15T08:44:00.000000,upsell candidate
Beta,14,170.0,true,2024-10-16,2025-01-16T09:51:00.000000,new
Gamma,21,187.35,false,2024-11-17,2025-02-17T10:58:00.000000,
Delta,28,205.8,,2024-12-18,2025-03-18T11:05:00.000000,follow-up
Echo,35,223.15,true,2024-01-19,2025-01-19T12:12:00.000000,priority
Foxtrot,5,240.5,false,2024-02-20,2025-02-20T13:19:00.000000,""
Helix,12,257.85,,2024-03-21,2025-03-21T14:26:00.000000,upsell candidate
Iota,19,275.2,true,2024-04-22,2025-01-22T15:33:00.000000,new
Acme,26,293.65,false,2024-05-23,2025-02-23T16:40:00.000000,
Beta,33,311.0,,2024-06-24,2025-03-24T17:47:00.000000,follow-up
Gamma,3,328.35,true,2024-07-25,2025-01-25T18:54:00.000000,priority
Delta,10,345.7,false,2024-08-26,2025-02-26T19:01:00.000000,""
Echo,17,363.05,,2024-09-27,2025-03-27T20:08:00.000000,upsell candidate
Foxtrot,24,381.5,true,2024-10-01,2025-01-01T21:15:00.000000,new
Helix,31,398.85,false,2024-11-02,2025-02-02T22:22:00.000000,
Iota,1,416.2,,2024-12-03,2025-03-03T23:29:00.000000,follow-up
Acme,8,433.55,true,2024-01-04,2025-01-04T00:36:00.000000,priority
Beta,15,450.9,false,2024-02-05,2025-02-05T01:43:00.000000,""
Gamma,22,469.35,,2024-03-06,2025-03-06T02:50:00.000000,upsell candidate
Delta,29,486.7,true,2024-04-07,2025-01-07T03:57:00.000000,new
Echo,36,504.05,false,2024-05-08,2025-02-08T04:04:00.000000,
Foxtrot,6,521.4,,2024-06-09,2025-03-09T05:11:00.000000,follow-up
Helix,13,139.7,true,2024-07-10,2025-01-10T06:18:00.000000,priority
Iota,20,158.15,false,2024-08-11,2025-02-11T07:25:00.000000,""
Acme,27,175.5,,2024-09-12,2025-03-12T08:32:00.000000,upsell candidate
Beta,34,192.85,true,2024-10-13,2025-01-13T09:39:00.000000,new
Gamma,4,210.2,false,2024-11-14,2025-02-14T10:46:00.000000,
Delta,11,227.55,,2024-12-15,2025-03-15T11:53:00.000000,follow-up
Echo,18,246.0,true,2024-01-16,2025-01-16T12:00:00.000000,priority
Foxtrot,25,263.35,false,2024-02-17,2025-02-17T13:07:00.000000,""
Helix,32,280.7,,2024-03-18,2025-03-18T14:14:00.000000,upsell candidate
Iota,2,298.05,true,2024-04-19,2025-01-19T15:21:00.000000,new
Acme,9,315.4,false,2024-05-20,2025-02-20T16:28:00.000000,
Beta,16,333.85,,2024-06-21,2025-03-21T17:35:00.000000,follow-up
Gamma,23,351.2,true,2024-07-22,2025-01-22T18:42:00.000000,priority
Delta,30,368.55,false,2024-08-23,2025-02-23T19:49:00.000000,""
Echo,37,385.9,,2024-09-24,2025-03-24T20:56:00.000000,upsell candidate
Foxtrot,7,403.25,true,2024-10-25,2025-01-25T21:03:00.000000,new
Helix,14,421.7,false,2024-11-26,2025-02-26T22:10:00.000000,
Iota,21,439.05,,2024-12-27,2025-03-27T23:17:00.000000,follow-up
Acme,28,456.4,true,2024-01-01,2025-01-01T00:24:00.000000,priority
Beta,35,473.75,false,2024-02-02,2025-02-02T01:31:00.000000,""
Gamma,5,491.1,,2024-03-03,2025-03-03T02:38:00.000000,upsell candidate
Delta,12,509.55,true,2024-04-04,2025-01-04T03:45:00.000000,new
Echo,19,526.9,false,2024-05-05,2025-02-05T04:52:00.000000,
Foxtrot,26,145.2,,2024-06-06,2025-03-06T05:59:00.000000,follow-up
Helix,33,162.55,true,2024-07-07,2025-01-07T06:06:00.000000,priority
Iota,3,179.9,false,2024-08-08,2025-02-08T07:13:00.000000,""
Acme,10,198.35,,2024-09-09,2025-03-09T08:20:00.000000,upsell candidate
Beta,17,215.7,true,2024-10-10,2025-01-10T09:27:00.000000,new
Gamma,24,233.05,false,2024-11-11,2025-02-11T10:34:00.000000,
Delta,31,250.4,,2024-12-12,2025-03-12T11:41:00.000000,follow-up
Echo,1,267.75,true,2024-01-13,2025-01-13T12:48:00.000000,priority
Foxtrot,8,286.2,false,2024-02-14,2025-02-14T13:55:00.000000,""
Helix,15,303.55,,2024-03-15,2025-03-15T14:02:00.000000,upsell candidate
Iota,22,320.9,true,2024-04-16,2025-01-16T15:09:00.000000,new
Acme,29,338.25,false,2024-05-17,2025-02-17T16:16:00.000000,
Beta,36,355.6,,2024-06-18,2025-03-18T17:23:00.000000,follow-up
Gamma,6,374.05,true,2024-07-19,2025-01-19T18:30:00.000000,priority
Delta,13,391.4,false,2024-08-20,2025-02-20T19:37:00.000000,""
Echo,20,408.75,,2024-09-21,2025-03-21T20:44:00.000000,upsell candidate
Foxtrot,27,426.1,true,2024-10-22,2025-01-22T21:51:00.000000,new
Helix,34,443.45,false,2024-11-23,2025-02-23T22:58:00.000000,
Iota,4,461.9,,2024-12-24,2025-03-24T23:05:00.000000,follow-up
Acme,11,479.25,true,2024-01-25,2025-01-25T00:12:00.000000,priority
Beta,18,496.6,false,2024-02-26,2025-02-26T01:19:00.000000,""
Gamma,25,513.95,,2024-03-27,2025-03-27T02:26:00.000000,upsell candidate
Delta,32,531.3,true,2024-04-01,2025-01-01T03:33:00.000000,new
Echo,2,150.7,false,2024-05-02,2025-02-02T04:40:00.000000,
Foxtrot,9,168.05,,2024-06-03,2025-03-03T05:47:00.000000,follow-up
Helix,16,185.4,true,2024-07-04,2025-01-04T06:54:00.000000,priority
Iota,23,202.75,false,2024-08-05,2025-02-05T07:01:00.000000,""
Acme,30,220.1,,2024-09-06,2025-03-06T08:08:00.000000,upsell candidate
Beta,37,238.55,true,2024-10-07,2025-01-07T09:15:00.000000,new
Gamma,7,255.9,false,2024-11-08,2025-02-08T10:22:00.000000,
Delta,14,273.25,,2024-12-09,2025-03-09T11:29:00.000000,follow-up
Echo,21,290.6,true,2024-01-10,2025-01-10T12:36:00.000000,priority
Foxtrot,28,307.95,false,2024-02-11,2025-02-11T13:43:00.000000,""
Helix,35,326.4,,2024-03-12,2025-03-12T14:50:00.000000,upsell candidate
Iota,5,343.75,true,2024-04-13,2025-01-13T15:57:00.000000,new
Acme,12,361.1,false,2024-05-14,2025-02-14T16:04:00.000000,
Beta,19,378.45,,2024-06-15,2025-03-15T17:11:00.000000,follow-up
Gamma,26,395.8,true,2024-07-16,2025-01-16T18:18:00.000000,priority
Delta,33,414.25,false,2024-08-17,2025-02-17T19:25:00.000000,""
Echo,3,431.6,,2024-09-18,2025-03-18T20:32:00.000000,upsell candidate
Foxtrot,10,448.95,true,2024-10-19,2025-01-19T21:39:00.000000,new
Helix,17,466.3,false,2024-11-20,2025-02-20T22:46:00.000000,
Iota,24,483.65,,2024-12-21,2025-03-21T23:53:00.000000,follow-up
Acme,31,502.1,true,2024-01-22,2025-01-22T00:00:00.000000,priority
Beta,1,519.45,false,2024-02-23,2025-02-23T01:07:00.000000,""
Gamma,8,536.8,,2024-03-24,2025-03-24T02:14:00.000000,upsell candidate
Delta,15,155.1,true,2024-04-25,2025-01-25T03:21:00.000000,new
Echo,22,172.45,false,2024-05-26,2025-02-26T04:28:00.000000,
Foxtrot,29,190.9,,2024-06-27,2025-03-27T05:35:00.000000,follow-up
Helix,36,208.25,true,2024-07-01,2025-01-01T06:42:00.000000,priority
Iota,6,225.6,false,2024-08-02,2025-02-02T07:49:00.000000,""
Acme,13,242.95,,2024-09-03,2025-03-03T08:56:00.000000,upsell candidate
Beta,20,260.3,true,2024-10-04,2025-01-04T09:03:00.000000,new
Gamma,27,278.75,false,2024-11-05,2025-02-05T10:10:00.000000,
Delta,34,296.1,,2024-12-06,2025-03-06T11:17:00.000000,follow-up
Echo,4,313.45,true,2024-01-07,2025-01-07T12:24:00.000000,priority
Foxtrot,11,330.8,false,2024-02-08,2025-02-08T13:31:00.000000,""
Helix,18,348.15,,2024-03-09,2025-03-09T14:38:00.000000,upsell candidate
Iota,25,366.6,true,2024-04-10,2025-01-10T15:45:00.000000,new
Acme,32,383.95,false,2024-05-11,2025-02-11T16:52:00.000000,
Beta,2,401.3,,2024-06-12,2025-03-12T17:59:00.000000,follow-up
Gamma,9,418.65,true,2024-07-13,2025-01-13T18:06:00.000000,priority
Delta,16,436.0,false,2024-08-14,2025-02-14T19:13:00.000000,""
Echo,23,454.45,,2024-09-15,2025-03-15T20:20:00.000000,upsell candidate
Foxtrot,30,471.8,true,2024-10-16,2025-01-16T21:27:00.000000,new
Helix,37,489.15,false,2024-11-17,2025-02-17T22:34:00.000000,
Iota,7,506.5,,2024-12-18,2025-03-18T23:41:00.000000,follow-up
Acme,14,523.85,true,2024-01-19,2025-01-19T00:48:00.000000,priority
Beta,21,542.3,false,2024-02-20,2025-02-20T01:55:00.000000,""
Gamma,28,160.6,,2024-03-21,2025-03-21T02:02:00.000000,upsell candidate
Delta,35,177.95,true,2024-04-22,2025-01-22T03:09:00.000000,new
Echo,5,195.3,false,2024-05-23,2025-02-23T04:16:00.000000,
Foxtrot,12,212.65,,2024-06-24,2025-03-24T05:23:00.000000,follow-up
Helix,19,231.1,true,2024-07-25,2025-01-25T06:30:00.000000,priority
Iota,26,248.45,false,2024-08-26,2025-02-26T07:37:00.000000,""
Acme,33,265.8,,2024-09-27,2025-03-27T08:44:00.000000,upsell candidate
Beta,3,283.15,true,2024-10-01,2025-01-01T09:51:00.000000,new
Gamma,10,300.5,false,2024-11-02,2025-02-02T10:58:00.000000,
Delta,17,318.95,,2024-12-03,2025-03-03T11:05:00.000000,follow-up
Echo,24,336.3,true,2024-01-04,2025-01-04T12:12:00.000000,priority
Foxtrot,31,353.65,false,2024-02-05,2025-02-05T13:19:00.000000,""
Helix,1,371.0,,2024-03-06,2025-03-06T14:26:00.000000,upsell candidate
Iota,8,388.35,true,2024-04-07,2025-01-07T15:33:00.000000,new
Acme,15,406.8,false,2024-05-08,2025-02-08T16:40:00.000000,
Beta,22,424.15,,2024-06-09,2025-03-09T17:47:00.000000,follow-up
Gamma,29,441.5,true,2024-07-10,2025-01-10T18:54:00.000000,priority
Delta,36,458.85,false,2024-08-11,2025-02-11T19:01:00.000000,""
Echo,6,476.2,,2024-09-12,2025-03-12T20:08:00.000000,upsell candidate
Foxtrot,13,494.65,true,2024-10-13,2025-01-13T21:15:00.000000,new
Helix,20,512.0,false,2024-11-14,2025-02-14T22:22:00.000000,
Iota,27,529.35,,2024-12-15,2025-03-15T23:29:00.000000,follow-up
Acme,34,546.7,true,2024-01-16,2025-01-16T00:36:00.000000,priority
Beta,4,165.0,false,2024-02-17,2025-02-17T01:43:00.000000,""
Gamma,11,183.45,,2024-03-18,2025-03-18T02:50:00.000000,upsell candidate
Delta,18,200.8,true,2024-04-19,2025-01-19T03:57:00.000000,new
Echo,25,218.15,false,2024-05-20,2025-02-20T04:04:00.000000,
Foxtrot,32,235.5,,2024-06-21,2025-03-21T05:11:00.000000,follow-up
Helix,2,252.85,true,2024-07-22,2025-01-22T06:18:00.000000,priority
Iota,9,271.3,false,2024-08-23,2025-02-23T07:25:00.000000,""
Acme,16,288.65,,2024-09-24,2025-03-24T08:32:00.000000,upsell candidate
Beta,23,306.0,true,2024-10-25,2025-01-25T09:39:00.000000,new
Gamma,30,323.35,false,2024-11-26,2025-02-26T10:46:00.000000,
Delta,37,340.7,,2024-12-27,2025-03-27T11:53:00.000000,follow-up
Echo,7,359.15,true,2024-01-01,2025-01-01T12:00:00.000000,priority
Foxtrot,14,376.5,false,2024-02-02,2025-02-02T13:07:00.000000,""
Helix,21,393.85,,2024-03-03,2025-03-03T14:14:00.000000,upsell candidate
Iota,28,411.2,true,2024-04-04,2025-01-04T15:21:00.000000,new
Acme,35,428.55,false,2024-05-05,2025-02-05T16:28:00.000000,
Beta,5,447.0,,2024-06-06,2025-03-06T17:35:00.000000,follow-up
Gamma,12,464.35,true,2024-07-07,2025-01-07T18:42:00.000000,priority
Delta,19,481.7,false,2024-08-08,2025-02-08T19:49:00.000000,""
Echo,26,499.05,,2024-09-09,2025-03-09T20:56:00.000000,upsell candidate
Foxtrot,33,516.4,true,2024-10-10,2025-01-10T21:03:00.000000,new
Helix,3,534.85,false,2024-11-11,2025-02-11T22:10:00.000000,
Iota,10,552.2,,2024-12-12,2025-03-12T23:17:00.000000,follow-up
Acme,17,170.5,true,2024-01-13,2025-01-13T00:24:00.000000,priority
Beta,24,187.85,false,2024-02-14,2025-02-14T01:31:00.000000,""
Gamma,31,205.2,,2024-03-15,2025-03-15T02:38:00.000000,upsell candidate
Delta,1,223.65,true,2024-04-16,2025-01-16T03:45:00.000000,new
Echo,8,241.0,false,2024-05-17,2025-02-17T04:52:00.000000,
Foxtrot,15,258.35,,2024-06-18,2025-03-18T05:59:00.000000,follow-up
Helix,22,275.7,true,2024-07-19,2025-01-19T06:06:00.000000,priority
Iota,29,293.05,false,2024-08-20,2025-02-20T07:13:00.000000,""
Acme,36,311.5,,2024-09-21,2025-03-21T08:20:00.000000,upsell candidate
Beta,6,328.85,true,2024-10-22,2025-01-22T09:27:00.000000,new
Gamma,13,346.2,false,2024-11-23,2025-02-23T10:34:00.000000,
Delta,20,363.55,,2024-12-24,2025-03-24T11:41:00.000000,follow-up
Echo,27,380.9,true,2024-01-25,2025-01-25T12:48:00.000000,priority
Foxtrot,34,399.35,false,2024-02-26,2025-02-26T13:55:00.000000,""
Helix,4,416.7,,2024-03-27,2025-03-27T14:02:00.000000,upsell candidate
Iota,11,434.05,true,2024-04-01,2025-01-01T15:09:00.000000,new
Acme,18,451.4,false,2024-05-02,2025-02-02T16:16:00.000000,
Beta,25,468.75,,2024-06-03,2025-03-03T17:23:00.000000,follow-up
Gamma,32,487.2,true,2024-07-04,2025-01-04T18:30:00.000000,priority
Delta,2,504.55,false,2024-08-05,2025-02-05T19:37:00.000000,""
Echo,9,521.9,,2024-09-06,2025-03-06T20:44:00.000000,upsell candidate
Foxtrot,16,539.25,true,2024-10-07,2025-01-07T21:51:00.000000,new
Helix,23,556.6,false,2024-11-08,2025-02-08T22:58:00.000000,
Iota,30,176.0,,2024-12-09,2025-03-09T23:05:00.000000,follow-up
Acme,37,193.35,true,2024-01-10,2025-01-10T00:12:00.000000,priority
Beta,7,210.7,false,2024-02-11,2025-02-11T01:19:00.000000,""
Gamma,14,228.05,,2024-03-12,2025-03-12T02:26:00.000000,upsell candidate
Delta,21,245.4,true,2024-04-13,2025-01-13T03:33:00.000000,new
Echo,28,263.85,false,2024-05-14,2025-02-14T04:40:00.000000,
Foxtrot,35,281.2,,2024-06-15,2025-03-15T05:47:00.000000,follow-up
Helix,5,298.55,true,2024-07-16,2025-01-16T06:54:00.000000,priority
Iota,12,315.9,false,2024-08-17,2025-02-17T07:01:00.000000,""
Acme,19,333.25,,2024-09-18,2025-03-18T08:08:00.000000,upsell candidate
Beta,26,351.7,true,2024-10-19,2025-01-19T09:15:00.000000,new
Gamma,33,369.05,false,2024-11-20,2025-02-20T10:22:00.000000,
Delta,3,386.4,,2024-12-21,2025-03-21T11:29:00.000000,follow-up
Echo,10,403.75,true,2024-01-22,2025-01-22T12:36:00.000000,priority
Foxtrot,17,421.1,false,2024-02-23,2025-02-23T13:43:00.000000,""
Helix,24,439.55,,2024-03-24,2025-03-24T14:50:00.000000,upsell candidate
Iota,31,456.9,true,2024-04-25,2025-01-25T15:57:00.000000,new
Acme,1,474.25,false,2024-05-26,2025-02-26T16:04:00.000000,
Beta,8,491.6,,2024-06-27,2025-03-27T17:11:00.000000,follow-up
Gamma,15,508.95,true,2024-07-01,2025-01-01T18:18:00.000000,priority
Delta,22,527.4,false,2024-08-02,2025-02-02T19:25:00.000000,""
Echo,29,544.75,,2024-09-03,2025-03-03T20:32:00.000000,upsell candidate
Foxtrot,36,562.1,true,2024-10-04,2025-01-04T21:39:00.000000,new
Helix,6,180.4,false,2024-11-05,2025-02-05T22:46:00.000000,
Iota,13,197.75,,2024-12-06,2025-03-06T23:53:00.000000,follow-up
Acme,20,216.2,true,2024-01-07,2025-01-07T00:00:00.000000,priority
Beta,27,233.55,false,2024-02-08,2025-02-08T01:07:00.000000,""
Gamma,34,250.9,,2024-03-09,2025-03-09T02:14:00.000000,upsell candidate
Delta,4,268.25,true,2024-04-10,2025-01-10T03:21:00.000000,new
Echo,11,285.6,false,2024-05-11,2025-02-11T04:28:00.000000,
Foxtrot,18,304.05,,2024-06-12,2025-03-12T05:35:00.000000,follow-up
Helix,25,321.4,true,2024-07-13,2025-01-13T06:42:00.000000,priority
Iota,32,338.75,false,2024-08-14,2025-02-14T07:49:00.000000,""
Acme,2,356.1,,2024-09-15,2025-03-15T08:56:00.000000,upsell candidate
Beta,9,373.45,true,2024-10-16,2025-01-16T09:03:00.000000,new
Gamma,16,391.9,false,2024-11-17,2025-02-17T10:10:00.000000,
Delta,23,409.25,,2024-12-18,2025-03-18T11:17:00.000000,follow-up
Echo,30,426.6,true,2024-01-19,2025-01-19T12:24:00.000000,priority
Foxtrot,37,443.95,false,2024-02-20,2025-02-20T13:31:00.000000,""
Helix,7,461.3,,2024-03-21,2025-03-21T14:38:00.000000,upsell candidate
Iota,14,479.75,true,2024-04-22,2025-01-22T15:45:00.000000,new
Acme,21,497.1,false,2024-05-23,2025-02-23T16:52:00.000000,
Beta,28,514.45,,2024-06-24,2025-03-24T17:59:00.000000,follow-up
Gamma,35,531.8,true,2024-07-25,2025-01-25T18:06:00.000000,priority
Delta,5,549.15,false,2024-08-26,2025-02-26T19:13:00.000000,""
Echo,12,567.6,,2024-09-27,2025-03-27T20:20:00.000000,upsell candidate
Foxtrot,19,185.9,true,2024-10-01,2025-01-01T21:27:00.000000,new
Helix,26,203.25,false,2024-11-02,2025-02-02T22:34:00.000000,
Iota,33,220.6,,2024-12-03,2025-03-03T23:41:00.000000,follow-up
Acme,3,237.95,true,2024-01-04,2025-01-04T00:48:00.000000,priority
Beta,10,256.4,false,2024-02-05,2025-02-05T01:55:00.000000,""
Gamma,17,273.75,,2024-03-06,2025-03-06T02:02:00.000000,upsell candidate
Delta,24,291.1,true,2024-04-07,2025-01-07T03:09:00.000000,new
Echo,31,308.45,false,2024-05-08,2025-02-08T04:16:00.000000,
Foxtrot,1,325.8,,2024-06-09,2025-03-09T05:23:00.000000,follow-up
Helix,8,344.25,true,2024-07-10,2025-01-10T06:30:00.000000,priority
Iota,15,361.6,false,2024-08-11,2025-02-11T07:37:00.000000,""
Acme,22,378.95,,2024-09-12,2025-03-12T08:44:00.000000,upsell candidate
Beta,29,396.3,true,2024-10-13,2025-01-13T09:51:00.000000,new
Gamma,36,413.65,false,2024-11-14,2025-02-14T10:58:00.000000,
Delta,6,432.1,,2024-12-15,2025-03-15T11:05:00.000000,follow-up
Echo,13,449.45,true,2024-01-16,2025-01-16T12:12:00.000000,priority
Foxtrot,20,466.8,false,2024-02-17,2025-02-17T13:19:00.000000,""
Helix,27,484.15,,2024-03-18,2025-03-18T14:26:00.000000,upsell candidate
Iota,34,501.5,true,2024-04-19,2025-01-19T15:33:00.000000,new
Acme,4,519.95,false,2024-05-20,2025-02-20T16:40:00.000000,
Beta,11,537.3,,2024-06-21,2025-03-21T17:47:00.000000,follow-up
Gamma,18,554.65,true,2024-07-22,2025-01-22T18:54:00.000000,priority
Delta,25,572.0,false,2024-08-23,2025-02-23T19:01:00.000000,""
Echo,32,190.3,,2024-09-24,2025-03-24T20:08:00.000000,upsell candidate
Foxtrot,2,208.75,true,2024-10-25,2025-01-25T21:15:00.000000,new
Helix,9,226.1,false,2024-11-26,2025-02-26T22:22:00.000000,
Iota,16,243.45,,2024-12-27,2025-03-27T23:29:00.000000,follow-up
Acme,23,260.8,true,2024-01-01,2025-01-01T00:36:00.000000,priority
Beta,30,278.15,false,2024-02-02,2025-02-02T01:43:00.000000,""
Gamma,37,296.6,,2024-03-03,2025-03-03T02:50:00.000000,upsell candidate
Delta,7,313.95,true,2024-04-04,2025-01-04T03:57:00.000000,new
Echo,14,331.3,false,2024-05-05,2025-02-05T04:04:00.000000,
Foxtrot,21,348.65,,2024-06-06,2025-03-06T05:11:00.000000,follow-up
Helix,28,366.0,true,2024-07-07,2025-01-07T06:18:00.000000,priority
Iota,35,384.45,false,2024-08-08,2025-02-08T07:25:00.000000,""
Acme,5,401.8,,2024-09-09,2025-03-09T08:32:00.000000,upsell candidate
Beta,12,419.15,true,2024-10-10,2025-01-10T09:39:00.000000,new
Gamma,19,436.5,false,2024-11-11,2025-02-11T10:46:00.000000,
Delta,26,453.85,,2024-12-12,2025-03-12T11:53:00.000000,follow-up
Echo,33,472.3,true,2024-01-13,2025-01-13T12:00:00.000000,priority
Foxtrot,3,489.65,false,2024-02-14,2025-02-14T13:07:00.000000,""
Helix,10,507.0,,2024-03-15,2025-03-15T14:14:00.000000,upsell candidate
Iota,17,524.35,true,2024-04-16,2025-01-16T15:21:00.000000,new
Acme,24,541.7,false,2024-05-17,2025-02-17T16:28:00.000000,
Beta,31,560.15,,2024-06-18,2025-03-18T17:35:00.000000,follow-up
Gamma,1,577.5,true,2024-07-19,2025-01-19T18:42:00.000000,priority
Delta,8,195.8,false,2024-08-20,2025-02-20T19:49:00.000000,""
Echo,15,213.15,,2024-09-21,2025-03-21T20:56:00.000000,upsell candidate
Foxtrot,22,230.5,true,2024-10-22,2025-01-22T21:03:00.000000,new
Helix,29,248.95,false,2024-11-23,2025-02-23T22:10:00.000000,
Iota,36,266.3,,2024-12-24,2025-03-24T23:17:00.000000,follow-up
Acme,6,283.65,true,2024-01-25,2025-01-25T00:24:00.000000,priority
Beta,13,301.0,false,2024-02-26,2025-02-26T01:31:00.000000,""
Gamma,20,318.35,,2024-03-27,2025-03-27T02:38:00.000000,upsell candidate
Delta,27,336.8,true,2024-04-01,2025-01-01T03:45:00.000000,new
Echo,34,354.15,false,2024-05-02,2025-02-02T04:52:00.000000,
Foxtrot,4,371.5,,2024-06-03,2025-03-03T05:59:00.000000,follow-up
Helix,11,388.85,true,2024-07-04,2025-01-04T06:06:00.000000,priority
Iota,18,406.2,false,2024-08-05,2025-02-05T07:13:00.000000,""
Acme,25,424.65,,2024-09-06,2025-03-06T08:20:00.000000,upsell candidate
Beta,32,442.0,true,2024-10-07,2025-01-07T09:27:00.000000,new
Gamma,2,459.35,false,2024-11-08,2025-02-08T10:34:00.000000,
Delta,9,476.7,,2024-12-09,2025-03-09T11:41:00.000000,follow-up
Echo,16,494.05,true,2024-01-10,2025-01-10T12:48:00.000000,priority
Foxtrot,23,512.5,false,2024-02-11,2025-02-11T13:55:00.000000,""
Helix,30,529.85,,2024-03-12,2025-03-12T14:02:00.000000,upsell candidate
Iota,37,547.2,true,2024-04-13,2025-01-13T15:09:00.000000,new
Acme,7,564.55,false,2024-05-14,2025-02-14T16:16:00.000000,
Beta,14,581.9,,2024-06-15,2025-03-15T17:23:00.000000,follow-up
Gamma,21,201.3,true,2024-07-16,2025-01-16T18:30:00.000000,priority
Delta,28,218.65,false,2024-08-17,2025-02-17T19:37:00.000000,""
Echo,35,236.0,,2024-09-18,2025-03-18T20:44:00.000000,upsell candidate
Foxtrot,5,253.35,true,2024-10-19,2025-01-19T21:51:00.000000,new
Helix,12,270.7,false,2024-11-20,2025-02-20T22:58:00.000000,
Iota,19,289.15,,2024-12-21,2025-03-21T23:05:00.000000,follow-up
Acme,26,306.5,true,2024-01-22,2025-01-22T00:12:00.000000,priority
Beta,33,323.85,false,2024-02-23,2025-02-23T01:19:00.000000,""
Gamma,3,341.2,,2024-03-24,2025-03-24T02:26:00.000000,upsell candidate
Delta,10,358.55,true,2024-04-25,2025-01-25T03:33:00.000000,new
Echo,17,377.0,false,2024-05-26,2025-02-26T04:40:00.000000,
Foxtrot,24,394.35,,2024-06-27,2025-03-27T05:47:00.000000,follow-up
Helix,31,411.7,true,2024-07-01,2025-01-01T06:54:00.000000,priority
Iota,1,429.05,false,2024-08-02,2025-02-02T07:01:00.000000,""
Acme,8,446.4,,2024-09-03,2025-03-03T08:08:00.000000,upsell candidate
Beta,15,464.85,true,2024-10-04,2025-01-04T09:15:00.000000,new
Gamma,22,482.2,false,2024-11-05,2025-02-05T10:22:00.000000,
Delta,29,499.55,,2024-12-06,2025-03-06T11:29:00.000000,follow-up
Echo,36,516.9,true,2024-01-07,2025-01-07T12:36:00.000000,priority
Foxtrot,6,534.25,false,2024-02-08,2025-02-08T13:43:00.000000,""
Helix,13,552.7,,2024-03-09,2025-03-09T14:50:00.000000,upsell candidate
Iota,20,570.05,true,2024-04-10,2025-01-10T15:57:00.000000,new
Acme,27,587.4,false,2024-05-11,2025-02-11T16:04:00.000000,
Beta,34,205.7,,2024-06-12,2025-03-12T17:11:00.000000,follow-up
Gamma,4,223.05,true,2024-07-13,2025-01-13T18:18:00.000000,priority
Delta,11,241.5,false,2024-08-14,2025-02-14T19:25:00.000000,""
Echo,18,258.85,,2024-09-15,2025-03-15T20:32:00.000000,upsell candidate
Foxtrot,25,276.2,true,2024-10-16,2025-01-16T21:39:00.000000,new
Helix,32,293.55,false,2024-11-17,2025-02-17T22:46:00.000000,
Iota,2,310.9,,2024-12-18,2025-03-18T23:53:00.000000,follow-up
Acme,9,329.35,true,2024-01-19,2025-01-19T00:00:00.000000,priority
Beta,16,346.7,false,2024-02-20,2025-02-20T01:07:00.000000,""
Gamma,23,364.05,,2024-03-21,2025-03-21T02:14:00.000000,upsell candidate
Delta,30,381.4,true,2024-04-22,2025-01-22T03:21:00.000000,new
Echo,37,398.75,false,2024-05-23,2025-02-23T04:28:00.000000,
Foxtrot,7,417.2,,2024-06-24,2025-03-24T05:35:00.000000,follow-up
Helix,14,434.55,true,2024-07-25,2025-01-25T06:42:00.000000,priority
Iota,21,451.9,false,2024-08-26,2025-02-26T07:49:00.000000,""
Acme,28,469.25,,2024-09-27,2025-03-27T08:56:00.000000,upsell candidate
Beta,35,486.6,true,2024-10-01,2025-01-01T09:03:00.000000,new
Gamma,5,505.05,false,2024-11-02,2025-02-02T10:10:00.000000,
Delta,12,522.4,,2024-12-03,2025-03-03T11:17:00.000000,follow-up
Echo,19,539.75,true,2024-01-04,2025-01-04T12:24:00.000000,priority
Foxtrot,26,557.1,false,2024-02-05,2025-02-05T13:31:00.000000,""
Helix,33,574.45,,2024-03-06,2025-03-06T14:38:00.000000,upsell candidate
Iota,3,592.9,true,2024-04-07,2025-01-07T15:45:00.000000,new
Acme,10,211.2,false,2024-05-08,2025-02-08T16:52:00.000000,
Beta,17,228.55,,2024-06-09,2025-03-09T17:59:00.000000,follow-up
Gamma,24,245.9,true,2024-07-10,2025-01-10T18:06:00.000000,priority
Delta,31,263.25,false,2024-08-11,2025-02-11T19:13:00.000000,""
Echo,1,281.7,,2024-09-12,2025-03-12T20:20:00.000000,upsell candidate
Foxtrot,8,299.05,true,2024-10-13,2025-01-13T21:27:00.000000,new
Helix,15,316.4,false,2024-11-14,2025-02-14T22:34:00.000000,
Iota,22,333.75,,2024-12-15,2025-03-15T23:41:00.000000,follow-up
Acme,29,351.1,true,2024-01-16,2025-01-16T00:48:00.000000,priority
Beta,36,369.55,false,2024-02-17,2025-02-17T01:55:00.000000,""
Gamma,6,386.9,,2024-03-18,2025-03-18T02:02:00.000000,upsell candidate
Delta,13,404.25,true,2024-04-19,2025-01-19T03:09:00.000000,new
Echo,20,421.6,false,2024-05-20,2025-02-20T04:16:00.000000,
Foxtrot,27,438.95,,2024-06-21,2025-03-21T05:23:00.000000,follow-up
Helix,34,457.4,true,2024-07-22,2025-01-22T06:30:00.000000,priority
Iota,4,474.75,false,2024-08-23,2025-02-23T07:37:00.000000,""
Acme,11,492.1,,2024-09-24,2025-03-24T08:44:00.000000,upsell candidate
Beta,18,509.45,true,2024-10-25,2025-01-25T09:51:00.000000,new
Gamma,25,526.8,false,2024-11-26,2025-02-26T10:58:00.000000,
Delta,32,545.25,,2024-12-27,2025-03-27T11:05:00.000000,follow-up
Echo,2,562.6,true,2024-01-01,2025-01-01T12:12:00.000000,priority
Foxtrot,9,579.95,false,2024-02-02,2025-02-02T13:19:00.000000,""
Helix,16,597.3,,2024-03-03,2025-03-03T14:26:00.000000,upsell candidate
Iota,23,215.6,true,2024-04-04,2025-01-04T15:33:00.000000,new
Acme,30,234.05,false,2024-05-05,2025-02-05T16:40:00.000000,
Beta,37,251.4,,2024-06-06,2025-03-06T17:47:00.000000,follow-up
Gamma,7,268.75,true,2024-07-07,2025-01-07T18:54:00.000000,priority
Delta,14,286.1,false,2024-08-08,2025-02-08T19:01:00.000000,""
Echo,21,303.45,,2024-09-09,2025-03-09T20:08:00.000000,upsell candidate
Foxtrot,28,321.9,true,2024-10-10,2025-01-10T21:15:00.000000,new
Helix,35,339.25,false,2024-11-11,2025-02-11T22:22:00.000000,
Iota,5,356.6,,2024-12-12,2025-03-12T23:29:00.000000,follow-up
Acme,12,373.95,true,2024-01-13,2025-01-13T00:36:00.000000,priority
Beta,19,391.3,false,2024-02-14,2025-02-14T01:43:00.000000,""
Gamma,26,409.75,,2024-03-15,2025-03-15T02:50:00.000000,upsell candidate
Delta,33,427.1,true,2024-04-16,2025-01-16T03:57:00.000000,new
Echo,3,444.45,false,2024-05-17,2025-02-17T04:04:00.000000,
Foxtrot,10,461.8,,2024-06-18,2025-03-18T05:11:00.000000,follow-up
Helix,17,479.15,true,2024-07-19,2025-01-19T06:18:00.000000,priority
Iota,24,497.6,false,2024-08-20,2025-02-20T07:25:00.000000,""
Acme,31,514.95,,2024-09-21,2025-03-21T08:32:00.000000,upsell candidate
Beta,1,532.3,true,2024-10-22,2025-01-22T09:39:00.000000,new
Gamma,8,549.65,false,2024-11-23,2025-02-23T10:46:00.000000,
Delta,15,567.0,,2024-12-24,2025-03-24T11:53:00.000000,follow-up
Echo,22,585.45,true,2024-01-25,2025-01-25T12:00:00.000000,priority
Foxtrot,29,602.8,false,2024-02-26,2025-02-26T13:07:00.000000,""
Helix,36,221.1,,2024-03-27,2025-03-27T14:14:00.000000,upsell candidate
Iota,6,238.45,true,2024-04-01,2025-01-01T15:21:00.000000,new
Acme,13,255.8,false,2024-05-02,2025-02-02T16:28:00.000000,
Beta,20,274.25,,2024-06-03,2025-03-03T17:35:00.000000,follow-up
Gamma,27,291.6,true,2024-07-04,2025-01-04T18:42:00.000000,priority
Delta,34,308.95,false,2024-08-05,2025-02-05T19:49:00.000000,""
Echo,4,326.3,,2024-09-06,2025-03-06T20:56:00.000000,upsell candidate
Foxtrot,11,343.65,true,2024-10-07,2025-01-07T21:03:00.000000,new
Helix,18,362.1,false,2024-11-08,2025-02-08T22:10:00.000000,
Iota,25,379.45,,2024-12-09,2025-03-09T23:17:00.000000,follow-up
Acme,32,396.8,true,2024-01-10,2025-01-10T00:24:00.000000,priority
Beta,2,414.15,false,2024-02-11,2025-02-11T01:31:00.000000,""
Gamma,9,431.5,,2024-03-12,2025-03-12T02:38:00.000000,upsell candidate
Delta,16,449.95,true,2024-04-13,2025-01-13T03:45:00.000000,new
Echo,23,467.3,false,2024-05-14,2025-02-14T04:52:00.000000,
Foxtrot,30,484.65,,2024-06-15,2025-03-15T05:59:00.000000,follow-up
Helix,37,502.0,true,2024-07-16,2025-01-16T06:06:00.000000,priority
Iota,7,519.35,false,2024-08-17,2025-02-17T07:13:00.000000,""
Acme,14,537.8,,2024-09-18,2025-03-18T08:20:00.000000,upsell candidate
Beta,21,555.15,true,2024-10-19,2025-01-19T09:27:00.000000,new
Gamma,28,572.5,false,2024-11-20,2025-02-20T10:34:00.000000,
Delta,35,589.85,,2024-12-21,2025-03-21T11:41:00.000000,follow-up
Echo,5,607.2,true,2024-01-22,2025-01-22T12:48:00.000000,priority
Foxtrot,12,226.6,false,2024-02-23,2025-02-23T13:55:00.000000,""
Helix,19,243.95,,2024-03-24,2025-03-24T14:02:00.000000,upsell candidate
Iota,26,261.3,true,2024-04-25,2025-01-25T15:09:00.000000,new
Acme,33,278.65,false,2024-05-26,2025-02-26T16:16:00.000000,
Beta,3,296.0,,2024-06-27,2025-03-27T17:23:00.000000,follow-up
Gamma,10,314.45,true,2024-07-01,2025-01-01T18:30:00.000000,priority
Delta,17,331.8,false,2024-08-02,2025-02-02T19:37:00.000000,""
Echo,24,349.15,,2024-09-03,2025-03-03T20:44:00.000000,upsell candidate
Foxtrot,31,366.5,true,2024-10-04,2025-01-04T21:51:00.000000,new
Helix,1,383.85,false,2024-11-05,2025-02-05T22:58:00.000000,
Iota,8,402.3,,2024-12-06,2025-03-06T23:05:00.000000,follow-up
Acme,15,419.65,true,2024-01-07,2025-01-07T00:12:00.000000,priority
Beta,22,437.0,false,2024-02-08,2025-02-08T01:19:00.000000,""
Gamma,29,454.35,,2024-03-09,2025-03-09T02:26:00.000000,upsell candidate
Delta,36,471.7,true,2024-04-10,2025-01-10T03:33:00.000000,new
Echo,6,490.15,false,2024-05-11,2025-02-11T04:40:00.000000,
Foxtrot,13,507.5,,2024-06-12,2025-03-12T05:47:00.000000,follow-up
Helix,20,524.85,true,2024-07-13,2025-01-13T06:54:00.000000,priority
Iota,27,542.2,false,2024-08-14,2025-02-14T07:01:00.000000,""
Acme,34,559.55,,2024-09-15,2025-03-15T08:08:00.000000,upsell candidate
Beta,4,578.0,true,2024-10-16,2025-01-16T09:15:00.000000,new
Gamma,11,595.35,false,2024-11-17,2025-02-17T10:22:00.000000,
Delta,18,612.7,,2024-12-18,2025-03-18T11:29:00.000000,follow-up
Echo,25,231.0,true,2024-01-19,2025-01-19T12:36:00.000000,priority
Foxtrot,32,248.35,false,2024-02-20,2025-02-20T13:43:00.000000,""
Helix,2,266.8,,2024-03-21,2025-03-21T14:50:00.000000,upsell candidate
Iota,9,284.15,true,2024-04-22,2025-01-22T15:57:00.000000,new
Acme,16,301.5,false,2024-05-23,2025-02-23T16:04:00.000000,
Beta,23,318.85,,2024-06-24,2025-03-24T17:11:00.000000,follow-up
Gamma,30,336.2,true,2024-07-25,2025-01-25T18:18:00.000000,priority
Delta,37,354.65,false,2024-08-26,2025-02-26T19:25:00.000000,""
Echo,7,372.0,,2024-09-27,2025-03-27T20:32:00.000000,upsell candidate
Foxtrot,14,389.35,true,2024-10-01,2025-01-01T21:39:00.000000,new
Helix,21,406.7,false,2024-11-02,2025-02-02T22:46:00.000000,
Iota,28,424.05,,2024-12-03,2025-03-03T23:53:00.000000,follow-up
Acme,35,442.5,true,2024-01-04,2025-01-04T00:00:00.000000,priority
Beta,5,459.85,false,2024-02-05,2025-02-05T01:07:00.000000,""
Gamma,12,477.2,,2024-03-06,2025-03-06T02:14:00.000000,upsell candidate
Delta,19,494.55,true,2024-04-07,2025-01-07T03:21:00.000000,new
Echo,26,511.9,false,2024-05-08,2025-02-08T04:28:00.000000,
Foxtrot,33,530.35,,2024-06-09,2025-03-09T05:35:00.000000,follow-up
Helix,3,547.7,true,2024-07-10,2025-01-10T06:42:00.000000,priority
Iota,10,565.05,false,2024-08-11,2025-02-11T07:49:00.000000,""
Acme,17,582.4,,2024-09-12,2025-03-12T08:56:00.000000,upsell candidate
Beta,24,599.75,true,2024-10-13,2025-01-13T09:03:00.000000,new
Gamma,31,618.2,false,2024-11-14,2025-02-14T10:10:00.000000,
Delta,1,236.5,,2024-12-15,2025-03-15T11:17:00.000000,follow-up
Echo,8,253.85,true,2024-01-16,2025-01-16T12:24:00.000000,priority
Foxtrot,15,271.2,false,2024-02-17,2025-02-17T13:31:00.000000,""
Helix,22,288.55,,2024-03-18,2025-03-18T14:38:00.000000,upsell candidate
Iota,29,307.0,true,2024-04-19,2025-01-19T15:45:00.000000,new
Acme,36,324.35,false,2024-05-20,2025-02-20T16:52:00.000000,
Beta,6,341.7,,2024-06-21,2025-03-21T17:59:00.000000,follow-up
Gamma,13,359.05,true,2024-07-22,2025-01-22T18:06:00.000000,priority
Delta,20,376.4,false,2024-08-23,2025-02-23T19:13:00.000000,""
Echo,27,394.85,,2024-09-24,2025-03-24T20:20:00.000000,upsell candidate
Foxtrot,34,412.2,true,2024-10-25,2025-01-25T21:27:00.000000,new
Helix,4,429.55,false,2024-11-26,2025-02-26T22:34:00.000000,
Iota,11,446.9,,2024-12-27,2025-03-27T23:41:00.000000,follow-up
Acme,18,464.25,true,2024-01-01,2025-01-01T00:48:00.000000,priority
Beta,25,482.7,false,2024-02-02,2025-02-02T01:55:00.000000,""
Gamma,32,500.05,,2024-03-03,2025-03-03T02:02:00.000000,upsell candidate
Delta,2,517.4,true,2024-04-04,2025-01-04T03:09:00.000000,new
Echo,9,534.75,false,2024-05-05,2025-02-05T04:16:00.000000,
Foxtrot,16,552.1,,2024-06-06,2025-03-06T05:23:00.000000,follow-up
Helix,23,570.55,true,2024-07-07,2025-01-07T06:30:00.000000,priority
Iota,30,587.9,false,2024-08-08,2025-02-08T07:37:00.000000,""
Acme,37,605.25,,2024-09-09,2025-03-09T08:44:00.000000,upsell candidate
Beta,7,622.6,true,2024-10-10,2025-01-10T09:51:00.000000,new
Gamma,14,240.9,false,2024-11-11,2025-02-11T10:58:00.000000,
Delta,21,259.35,,2024-12-12,2025-03-12T11:05:00.000000,follow-up
Echo,28,276.7,true,2024-01-13,2025-01-13T12:12:00.000000,priority
Foxtrot,35,294.05,false,2024-02-14,2025-02-14T13:19:00.000000,""
Helix,5,311.4,,2024-03-15,2025-03-15T14:26:00.000000,upsell candidate
Iota,12,328.75,true,2024-04-16,2025-01-16T15:33:00.000000,new
Acme,19,347.2,false,2024-05-17,2025-02-17T16:40:00.000000,
Beta,26,364.55,,2024-06-18,2025-03-18T17:47:00.000000,follow-up
Gamma,33,381.9,true,2024-07-19,2025-01-19T18:54:00.000000,priority
Delta,3,399.25,false,2024-08-20,2025-02-20T19:01:00.000000,""
Echo,10,416.6,,2024-09-21,2025-03-21T20:08:00.000000,upsell candidate
Foxtrot,17,435.05,true,2024-10-22,2025-01-22T21:15:00.000000,new
Helix,24,452.4,false,2024-11-23,2025-02-23T22:22:00.000000,
Iota,31,469.75,,2024-12-24,2025-03-24T23:29:00.000000,follow-up
Acme,1,487.1,true,2024-01-25,2025-01-25T00:36:00.000000,priority
Beta,8,504.45,false,2024-02-26,2025-02-26T01:43:00.000000,""
Gamma,15,522.9,,2024-03-27,2025-03-27T02:50:00.000000,upsell candidate
Delta,22,540.25,true,2024-04-01,2025-01-01T03:57:00.000000,new
Echo,29,557.6,false,2024-05-02,2025-02-02T04:04:00.000000,
Foxtrot,36,574.95,,2024-06-03,2025-03-03T05:11:00.000000,follow-up
Helix,6,592.3,true,2024-07-04,2025-01-04T06:18:00.000000,priority
Iota,13,610.75,false,2024-08-05,2025-02-05T07:25:00.000000,""
Acme,20,628.1,,2024-09-06,2025-03-06T08:32:00.000000,upsell candidate
Beta,27,246.4,true,2024-10-07,2025-01-07T09:39:00.000000,new
Gamma,34,263.75,false,2024-11-08,2025-02-08T10:46:00.000000,
Delta,4,281.1,,2024-12-09,2025-03-09T11:53:00.000000,follow-up
Echo,11,299.55,true,2024-01-10,2025-01-10T12:00:00.000000,priority
Foxtrot,18,316.9,false,2024-02-11,2025-02-11T13:07:00.000000,""
Helix,25,334.25,,2024-03-12,2025-03-12T14:14:00.000000,upsell candidate
Iota,32,351.6,true,2024-04-13,2025-01-13T15:21:00.000000,new
Acme,2,368.95,false,2024-05-14,2025-02-14T16:28:00.000000,
Beta,9,387.4,,2024-06-15,2025-03-15T17:35:00.000000,follow-up
Gamma,16,404.75,true,2024-07-16,2025-01-16T18:42:00.000000,priority
Delta,23,422.1,false,2024-08-17,2025-02-17T19:49:00.000000,""
Echo,30,439.45,,2024-09-18,2025-03-18T20:56:00.000000,upsell candidate
Foxtrot,37,456.8,true,2024-10-19,2025-01-19T21:03:00.000000,new
Helix,7,475.25,false,2024-11-20,2025-02-20T22:10:00.000000,
Iota,14,492.6,,2024-12-21,2025-03-21T23:17:00.000000,follow-up
Acme,21,509.95,true,2024-01-22,2025-01-22T00:24:00.000000,priority
Beta,28,527.3,false,2024-02-23,2025-02-23T01:31:00.000000,""
Gamma,35,544.65,,2024-03-24,2025-03-24T02:38:00.000000,upsell candidate
Delta,5,563.1,true,2024-04-25,2025-01-25T03:45:00.000000,new
Echo,12,580.45,false,2024-05-26,2025-02-26T04:52:00.000000,
Foxtrot,19,597.8,,2024-06-27,2025-03-27T05:59:00.000000,follow-up
Helix,26,615.15,true,2024-07-01,2025-01-01T06:06:00.000000,priority
Iota,33,632.5,false,2024-08-02,2025-02-02T07:13:00.000000,""
Acme,3,251.9,,2024-09-03,2025-03-03T08:20:00.000000,upsell candidate
Beta,10,269.25,true,2024-10-04,2025-01-04T09:27:00.000000,new
Gamma,17,286.6,false,2024-11-05,2025-02-05T10:34:00.000000,
Delta,24,303.95,,2024-12-06,2025-03-06T11:41:00.000000,follow-up
Echo,31,321.3,true,2024-01-07,2025-01-07T12:48:00.000000,priority
Foxtrot,1,339.75,false,2024-02-08,2025-02-08T13:55:00.000000,""
Helix,8,357.1,,2024-03-09,2025-03-09T14:02:00.000000,upsell candidate
Iota,15,374.45,true,2024-04-10,2025-01-10T15:09:00.000000,new
Acme,22,391.8,false,2024-05-11,2025-02-11T16:16:00.000000,
Beta,29,409.15,,2024-06-12,2025-03-12T17:23:00.000000,follow-up
Gamma,36,427.6,true,2024-07-13,2025-01-13T18:30:00.000000,priority
Delta,6,444.95,false,2024-08-14,2025-02-14T19:37:00.000000,""
Echo,13,462.3,,2024-09-15,2025-03-15T20:44:00.000000,upsell candidate
Foxtrot,20,479.65,true,2024-10-16,2025-01-16T21:51:00.000000,new
Helix,27,497.0,false,2024-11-17,2025-02-17T22:58:00.000000,
Iota,34,515.45,,2024-12-18,2025-03-18T23:05:00.000000,follow-up
Acme,4,532.8,true,2024-01-19,2025-01-19T00:12:00.000000,priority
Beta,11,550.15,false,2024-02-20,2025-02-20T01:19:00.000000,""
Gamma,18,567.5,,2024-03-21,2025-03-21T02:26:00.000000,upsell candidate
Delta,25,584.85,true,2024-04-22,2025-01-22T03:33:00.000000,new
Echo,32,603.3,false,2024-05-23,2025-02-23T04:40:00.000000,
Foxtrot,2,620.65,,2024-06-24,2025-03-24T05:47:00.000000,follow-up
Helix,9,638.0,true,2024-07-25,2025-01-25T06:54:00.000000,priority
Iota,16,256.3,false,2024-08-26,2025-02-26T07:01:00.000000,""
Acme,23,273.65,,2024-09-27,2025-03-27T08:08:00.000000,upsell candidate
Beta,30,292.1,true,2024-10-01,2025-01-01T09:15:00.000000,new
Gamma,37,309.45,false,2024-11-02,2025-02-02T10:22:00.000000,
Delta,7,326.8,,2024-12-03,2025-03-03T11:29:00.000000,follow-up
Echo,14,344.15,true,2024-01-04,2025-01-04T12:36:00.000000,priority
Foxtrot,21,361.5,false,2024-02-05,2025-02-05T13:43:00.000000,""
Helix,28,379.95,,2024-03-06,2025-03-06T14:50:00.000000,upsell candidate
Iota,35,397.3,true,2024-04-07,2025-01-07T15:57:00.000000,new
Acme,5,414.65,false,2024-05-08,2025-02-08T16:04:00.000000,
Beta,12,432.0,,2024-06-09,2025-03-09T17:11:00.000000,follow-up
Gamma,19,449.35,true,2024-07-10,2025-01-10T18:18:00.000000,priority
Delta,26,467.8,false,2024-08-11,2025-02-11T19:25:00.000000,""
Echo,33,485.15,,2024-09-12,2025-03-12T20:32:00.000000,upsell candidate
Foxtrot,3,502.5,true,2024-10-13,2025-01-13T21:39:00.000000,new
Helix,10,519.85,false,2024-11-14,2025-02-14T22:46:00.000000,
Iota,17,537.2,,2024-12-15,2025-03-15T23:53:00.000000,follow-up
Acme,24,555.65,true,2024-01-16,2025-01-16T00:00:00.000000,priority
Beta,31,573.0,false,2024-02-17,2025-02-17T01:07:00.000000,""
Gamma,1,590.35,,2024-03-18,2025-03-18T02:14:00.000000,upsell candidate
Delta,8,607.7,true,2024-04-19,2025-01-19T03:21:00.000000,new
Echo,15,625.05,false,2024-05-20,2025-02-20T04:28:00.000000,
Foxtrot,22,643.5,,2024-06-21,2025-03-21T05:35:00.000000,follow-up
Helix,29,261.8,true,2024-07-22,2025-01-22T06:42:00.000000,priority
Iota,36,279.15,false,2024-08-23,2025-02-23T07:49:00.000000,""
Acme,6,296.5,,2024-09-24,2025-03-24T08:56:00.000000,upsell candidate
Beta,13,313.85,true,2024-10-25,2025-01-25T09:03:00.000000,new
Gamma,20,332.3,false,2024-11-26,2025-02-26T10:10:00.000000,
Delta,27,349.65,,2024-12-27,2025-03-27T11:17:00.000000,follow-up
Echo,34,367.0,true,2024-01-01,2025-01-01T12:24:00.000000,priority
Foxtrot,4,384.35,false,2024-02-02,2025-02-02T13:31:00.000000,""
Helix,11,401.7,,2024-03-03,2025-03-03T14:38:00.000000,upsell candidate
Iota,18,420.15,true,2024-04-04,2025-01-04T15:45:00.000000,new
Acme,25,437.5,false,2024-05-05,2025-02-05T16:52:00.000000,
Beta,32,454.85,,2024-06-06,2025-03-06T17:59:00.000000,follow-up
Gamma,2,472.2,true,2024-07-07,2025-01-07T18:06:00.000000,priority
Delta,9,489.55,false,2024-08-08,2025-02-08T19:13:00.000000,""
Echo,16,508.0,,2024-09-09,2025-03-09T20:20:00.000000,upsell candidate
Foxtrot,23,525.35,true,2024-10-10,2025-01-10T21:27:00.000000,new
Helix,30,542.7,false,2024-11-11,2025-02-11T22:34:00.000000,
Iota,37,560.05,,2024-12-12,2025-03-12T23:41:00.000000,follow-up
Acme,7,577.4,true,2024-01-13,2025-01-13T00:48:00.000000,priority
Beta,14,595.85,false,2024-02-14,2025-02-14T01:55:00.000000,""
Gamma,21,613.2,,2024-03-15,2025-03-15T02:02:00.000000,upsell candidate
Delta,28,630.55,true,2024-04-16,2025-01-16T03:09:00.000000,new
Echo,35,647.9,false,2024-05-17,2025-02-17T04:16:00.000000,
Foxtrot,5,266.2,,2024-06-18,2025-03-18T05:23:00.000000,follow-up
Helix,12,284.65,true,2024-07-19,2025-01-19T06:30:00.000000,priority
Iota,19,302.0,false,2024-08-20,2025-02-20T07:37:00.000000,""
Acme,26,319.35,,2024-09-21,2025-03-21T08:44:00.000000,upsell candidate
Beta,33,336.7,true,2024-10-22,2025-01-22T09:51:00.000000,new
Gamma,3,354.05,false,2024-11-23,2025-02-23T10:58:00.000000,
Delta,10,372.5,,2024-12-24,2025-03-24T11:05:00.000000,follow-up
Echo,17,389.85,true,2024-01-25,2025-01-25T12:12:00.000000,priority
Foxtrot,24,407.2,false,2024-02-26,2025-02-26T13:19:00.000000,""
Helix,31,424.55,,2024-03-27,2025-03-27T14:26:00.000000,upsell candidate
Iota,1,441.9,true,2024-04-01,2025-01-01T15:33:00.000000,new
